n,tp,fp,tn,fn,precision,recall,f1,accuracy,dataset,detector,transform,flip_rate
3000,89,2496,403,12,0.03442940038684719,0.8811881188118812,0.06626954579300073,0.164,bigvul,codebert_devign_local,blank_line_expansion,0.0
3000,89,2496,403,12,0.03442940038684719,0.8811881188118812,0.06626954579300073,0.164,bigvul,codebert_devign_local,brace_line_shift,0.0
3000,90,2610,289,11,0.03333333333333333,0.8910891089108911,0.06426276329882184,0.12633333333333333,bigvul,codebert_devign_local,code_normalization_abstraction,0.03833333333333333
3000,82,2179,720,19,0.0362671384343211,0.8118811881188119,0.06943268416596106,0.2673333333333333,bigvul,codebert_devign_local,comment_banner,0.108
3000,89,2496,403,12,0.03442940038684719,0.8811881188118812,0.06626954579300073,0.164,bigvul,codebert_devign_local,control_flow_rewrite,0.0
3000,91,2678,221,10,0.03286384976525822,0.900990099009901,0.06341463414634146,0.104,bigvul,codebert_devign_local,dead_branch_after_opening_brace,0.06133333333333333
3000,89,2497,402,12,0.03441608662026296,0.8811881188118812,0.06624488276888724,0.16366666666666665,bigvul,codebert_devign_local,identifier_renaming,0.017
3000,92,2717,182,9,0.03275186899252403,0.9108910891089109,0.06323024054982818,0.09133333333333334,bigvul,codebert_devign_local,safe_dead_code_carrier,0.07466666666666667
3000,101,2889,10,0,0.033779264214046825,1.0,0.06535101908767389,0.037,bigvul,linevul_local,blank_line_expansion,0.0
3000,101,2891,8,0,0.03375668449197861,1.0,0.06530876172001294,0.036333333333333336,bigvul,linevul_local,brace_line_shift,0.0006666666666666666
3000,101,2894,5,0,0.0337228714524207,1.0,0.06524547803617571,0.035333333333333335,bigvul,linevul_local,code_normalization_abstraction,0.0016666666666666668
3000,101,2897,2,0,0.03368912608405604,1.0,0.06518231687641175,0.034333333333333334,bigvul,linevul_local,comment_banner,0.0026666666666666666
3000,101,2889,10,0,0.033779264214046825,1.0,0.06535101908767389,0.037,bigvul,linevul_local,control_flow_rewrite,0.0
3000,101,2898,1,0,0.033677892630876956,1.0,0.06516129032258064,0.034,bigvul,linevul_local,dead_branch_after_opening_brace,0.003
3000,101,2889,10,0,0.033779264214046825,1.0,0.06535101908767389,0.037,bigvul,linevul_local,identifier_renaming,0.0
3000,101,2898,1,0,0.033677892630876956,1.0,0.06516129032258064,0.034,bigvul,linevul_local,safe_dead_code_carrier,0.003
3000,97,2779,120,4,0.03372739916550765,0.9603960396039604,0.06516627477326167,0.07233333333333333,bigvul,regvd_structural_local,blank_line_expansion,0.002
3000,97,2749,150,4,0.03408292340126493,0.9603960396039604,0.06582965727858839,0.08233333333333333,bigvul,regvd_structural_local,brace_line_shift,0.016
3000,97,2799,100,4,0.033494475138121545,0.9603960396039604,0.06473139806473138,0.06566666666666666,bigvul,regvd_structural_local,code_normalization_abstraction,0.010666666666666666
3000,99,2773,126,2,0.03447075208913649,0.9801980198019802,0.06659939455095862,0.075,bigvul,regvd_structural_local,comment_banner,0.056
3000,97,2783,116,4,0.033680555555555554,0.9603960396039604,0.06507883260650787,0.071,bigvul,regvd_structural_local,control_flow_rewrite,0.0
3000,101,2895,4,0,0.033711615487316424,1.0,0.06522441072005167,0.035,bigvul,regvd_structural_local,dead_branch_after_opening_brace,0.03933333333333333
3000,97,2786,113,4,0.03364550815123136,0.9603960396039604,0.06501340482573728,0.07,bigvul,regvd_structural_local,identifier_renaming,0.007
3000,101,2896,3,0,0.033700367033700364,1.0,0.06520335700451904,0.034666666666666665,bigvul,regvd_structural_local,safe_dead_code_carrier,0.03966666666666667
3000,85,2415,484,16,0.034,0.8415841584158416,0.06535947712418301,0.18966666666666668,bigvul,vulberta_devign_local,blank_line_expansion,0.0
3000,85,2415,484,16,0.034,0.8415841584158416,0.06535947712418301,0.18966666666666668,bigvul,vulberta_devign_local,brace_line_shift,0.0
3000,85,2458,441,16,0.03342508847817539,0.8415841584158416,0.06429652042360061,0.17533333333333334,bigvul,vulberta_devign_local,code_normalization_abstraction,0.015666666666666666
3000,85,2415,484,16,0.034,0.8415841584158416,0.06535947712418301,0.18966666666666668,bigvul,vulberta_devign_local,comment_banner,0.0
3000,85,2415,484,16,0.034,0.8415841584158416,0.06535947712418301,0.18966666666666668,bigvul,vulberta_devign_local,control_flow_rewrite,0.0
3000,88,2591,308,13,0.032848077640910786,0.8712871287128713,0.06330935251798561,0.132,bigvul,vulberta_devign_local,dead_branch_after_opening_brace,0.059666666666666666
3000,81,2276,623,20,0.034365719134493,0.801980198019802,0.0659072416598861,0.23466666666666666,bigvul,vulberta_devign_local,identifier_renaming,0.05366666666666667
3000,91,2645,254,10,0.03326023391812866,0.900990099009901,0.06415227352837505,0.115,bigvul,vulberta_devign_local,safe_dead_code_carrier,0.07866666666666666
2732,1123,1000,477,132,0.5289684408855393,0.8948207171314742,0.664890467732386,0.5856515373352855,codexglue,codebert_devign_local,blank_line_expansion,0.0
2732,1123,1000,477,132,0.5289684408855393,0.8948207171314742,0.664890467732386,0.5856515373352855,codexglue,codebert_devign_local,brace_line_shift,0.0
2732,1140,1034,443,115,0.5243790248390064,0.9083665338645418,0.6649168853893264,0.5794289897510981,codexglue,codebert_devign_local,code_normalization_abstraction,0.018667642752562226
2732,1084,954,523,171,0.5318940137389597,0.8637450199203187,0.6583662313999392,0.5882137628111274,codexglue,codebert_devign_local,comment_banner,0.031112737920937043
2732,1123,1000,477,132,0.5289684408855393,0.8948207171314742,0.664890467732386,0.5856515373352855,codexglue,codebert_devign_local,control_flow_rewrite,0.0
2732,1139,1039,438,116,0.5229568411386594,0.9075697211155378,0.6635595688901835,0.5772327964860908,codexglue,codebert_devign_local,dead_branch_after_opening_brace,0.02013177159590044
2732,1118,1008,469,137,0.5258701787394168,0.8908366533864542,0.6613427979887608,0.5808931185944363,codexglue,codebert_devign_local,identifier_renaming,0.02745241581259151
2732,1148,1061,416,107,0.5196921684019918,0.9147410358565737,0.6628175519630485,0.5724743777452416,codexglue,codebert_devign_local,safe_dead_code_carrier,0.0314787701317716
2732,1255,1477,0,0,0.45937042459736455,1.0,0.6295460245798845,0.45937042459736455,codexglue,linevul_local,blank_line_expansion,0.0
2732,1255,1477,0,0,0.45937042459736455,1.0,0.6295460245798845,0.45937042459736455,codexglue,linevul_local,brace_line_shift,0.0
2732,1255,1477,0,0,0.45937042459736455,1.0,0.6295460245798845,0.45937042459736455,codexglue,linevul_local,code_normalization_abstraction,0.0
2732,1255,1477,0,0,0.45937042459736455,1.0,0.6295460245798845,0.45937042459736455,codexglue,linevul_local,comment_banner,0.0
2732,1255,1477,0,0,0.45937042459736455,1.0,0.6295460245798845,0.45937042459736455,codexglue,linevul_local,control_flow_rewrite,0.0
2732,1255,1477,0,0,0.45937042459736455,1.0,0.6295460245798845,0.45937042459736455,codexglue,linevul_local,dead_branch_after_opening_brace,0.0
2732,1255,1477,0,0,0.45937042459736455,1.0,0.6295460245798845,0.45937042459736455,codexglue,linevul_local,identifier_renaming,0.0
2732,1255,1477,0,0,0.45937042459736455,1.0,0.6295460245798845,0.45937042459736455,codexglue,linevul_local,safe_dead_code_carrier,0.0
2732,1234,1385,92,21,0.471172203130966,0.9832669322709163,0.6370676303562209,0.48535871156661786,codexglue,regvd_structural_local,blank_line_expansion,0.00036603221083455345
2732,1234,1386,91,21,0.47099236641221376,0.9832669322709163,0.6369032258064516,0.48499267935578333,codexglue,regvd_structural_local,brace_line_shift,0.0021961932650073207
2732,1237,1405,72,18,0.46820590461771383,0.9856573705179282,0.6348473184500898,0.4791361639824305,codexglue,regvd_structural_local,code_normalization_abstraction,0.010248901903367497
2732,1239,1411,66,16,0.4675471698113208,0.9872509960159362,0.6345710627400768,0.47767203513909223,codexglue,regvd_structural_local,comment_banner,0.029282576866764276
2732,1235,1385,92,20,0.4713740458015267,0.9840637450199203,0.6374193548387096,0.4857247437774524,codexglue,regvd_structural_local,control_flow_rewrite,0.0
2732,1248,1458,19,7,0.4611973392461197,0.9944223107569721,0.6301439030547842,0.4637628111273792,codexglue,regvd_structural_local,dead_branch_after_opening_brace,0.03513909224011713
2732,1233,1394,83,22,0.46935668062428626,0.9824701195219123,0.6352395672333848,0.4816983894582723,codexglue,regvd_structural_local,identifier_renaming,0.011346998535871157
2732,1255,1470,7,0,0.46055045871559636,1.0,0.6306532663316583,0.46193265007320644,codexglue,regvd_structural_local,safe_dead_code_carrier,0.03916544655929722
2732,1085,931,546,170,0.5381944444444444,0.8645418326693227,0.6634056863344543,0.5969985358711567,codexglue,vulberta_devign_local,blank_line_expansion,0.0
2732,1085,931,546,170,0.5381944444444444,0.8645418326693227,0.6634056863344543,0.5969985358711567,codexglue,vulberta_devign_local,brace_line_shift,0.0
2732,1094,945,532,161,0.5365375183913683,0.8717131474103585,0.6642380085003036,0.5951683748169839,codexglue,vulberta_devign_local,code_normalization_abstraction,0.009150805270863836
2732,1085,931,546,170,0.5381944444444444,0.8645418326693227,0.6634056863344543,0.5969985358711567,codexglue,vulberta_devign_local,comment_banner,0.0
2732,1085,931,546,170,0.5381944444444444,0.8645418326693227,0.6634056863344543,0.5969985358711567,codexglue,vulberta_devign_local,control_flow_rewrite,0.0
2732,1115,1000,477,140,0.5271867612293144,0.8884462151394422,0.6617210682492582,0.582723279648609,codexglue,vulberta_devign_local,dead_branch_after_opening_brace,0.03623718887262079
2732,1051,860,617,204,0.5499738356881214,0.8374501992031872,0.6639292482627921,0.6105417276720352,codexglue,vulberta_devign_local,identifier_renaming,0.047218155197657395
2732,1130,1025,452,125,0.5243619489559165,0.900398406374502,0.6627565982404692,0.5790629575402635,codexglue,vulberta_devign_local,safe_dead_code_carrier,0.05087847730600293
5000,240,4052,691,17,0.05591798695246971,0.933852140077821,0.10551769619696637,0.1862,diversevul,codebert_devign_local,blank_line_expansion,0.0
5000,240,4052,691,17,0.05591798695246971,0.933852140077821,0.10551769619696637,0.1862,diversevul,codebert_devign_local,brace_line_shift,0.0
5000,241,4215,528,16,0.05408438061041292,0.9377431906614786,0.10227031614682792,0.1538,diversevul,codebert_devign_local,code_normalization_abstraction,0.0332
5000,234,3643,1100,23,0.06035594531854527,0.9105058365758755,0.11320754716981132,0.2668,diversevul,codebert_devign_local,comment_banner,0.083
5000,240,4053,690,17,0.055904961565338925,0.933852140077821,0.1054945054945055,0.186,diversevul,codebert_devign_local,control_flow_rewrite,0.0002
5000,240,4301,442,17,0.05285179475886369,0.933852140077821,0.1000416840350146,0.1364,diversevul,codebert_devign_local,dead_branch_after_opening_brace,0.0522
5000,238,4061,682,19,0.05536171202605257,0.9260700389105059,0.10447761194029852,0.184,diversevul,codebert_devign_local,identifier_renaming,0.0238
5000,242,4358,385,15,0.052608695652173916,0.9416342412451362,0.09964998970557958,0.1254,diversevul,codebert_devign_local,safe_dead_code_carrier,0.0628
5000,257,4699,44,0,0.05185633575464084,1.0,0.0985996547093804,0.0602,diversevul,linevul_local,blank_line_expansion,0.0
5000,257,4715,28,0,0.05168946098149638,1.0,0.09829795371964045,0.057,diversevul,linevul_local,brace_line_shift,0.0032
5000,257,4718,25,0,0.05165829145728643,1.0,0.09824159021406727,0.0564,diversevul,linevul_local,code_normalization_abstraction,0.0038
5000,257,4737,6,0,0.051461754104925914,1.0,0.09788611693010857,0.0526,diversevul,linevul_local,comment_banner,0.008
5000,257,4699,44,0,0.05185633575464084,1.0,0.0985996547093804,0.0602,diversevul,linevul_local,control_flow_rewrite,0.0
5000,257,4743,0,0,0.0514,1.0,0.09777439604337074,0.0514,diversevul,linevul_local,dead_branch_after_opening_brace,0.0088
5000,257,4700,43,0,0.05184587452087956,1.0,0.0985807441503644,0.06,diversevul,linevul_local,identifier_renaming,0.0002
5000,257,4743,0,0,0.0514,1.0,0.09777439604337074,0.0514,diversevul,linevul_local,safe_dead_code_carrier,0.0088
5000,256,4567,176,1,0.05307899647522289,0.9961089494163424,0.10078740157480315,0.0864,diversevul,regvd_structural_local,blank_line_expansion,0.0026
5000,256,4544,199,1,0.05333333333333334,0.9961089494163424,0.1012457979038956,0.091,diversevul,regvd_structural_local,brace_line_shift,0.006
5000,256,4600,143,1,0.05271828665568369,0.9961089494163424,0.1001369059260708,0.0798,diversevul,regvd_structural_local,code_normalization_abstraction,0.0136
5000,256,4576,167,1,0.052980132450331126,0.9961089494163424,0.10060915700530555,0.0846,diversevul,regvd_structural_local,comment_banner,0.0392
5000,256,4562,181,1,0.053134080531340805,0.9961089494163424,0.10088669950738917,0.0874,diversevul,regvd_structural_local,control_flow_rewrite,0.0
5000,257,4732,11,0,0.05151332932451393,1.0,0.09797941288600838,0.0536,diversevul,regvd_structural_local,dead_branch_after_opening_brace,0.0358
5000,257,4557,186,0,0.05338595762359784,1.0,0.10136067836718596,0.0886,diversevul,regvd_structural_local,identifier_renaming,0.008
5000,257,4731,12,0,0.051523656776263034,1.0,0.09799809342230695,0.0538,diversevul,regvd_structural_local,safe_dead_code_carrier,0.0372
5000,232,3889,854,25,0.056297015287551565,0.9027237354085603,0.10598446779351302,0.2172,diversevul,vulberta_devign_local,blank_line_expansion,0.0
5000,232,3889,854,25,0.056297015287551565,0.9027237354085603,0.10598446779351302,0.2172,diversevul,vulberta_devign_local,brace_line_shift,0.0
5000,233,3962,781,24,0.055542312276519665,0.9066147859922179,0.10467205750224617,0.2028,diversevul,vulberta_devign_local,code_normalization_abstraction,0.0156
5000,232,3889,854,25,0.056297015287551565,0.9027237354085603,0.10598446779351302,0.2172,diversevul,vulberta_devign_local,comment_banner,0.0
5000,232,3889,854,25,0.056297015287551565,0.9027237354085603,0.10598446779351302,0.2172,diversevul,vulberta_devign_local,control_flow_rewrite,0.0
5000,234,4187,556,23,0.05292920153811355,0.9105058365758755,0.10004275331338179,0.158,diversevul,vulberta_devign_local,dead_branch_after_opening_brace,0.06
5000,221,3640,1103,36,0.05723905723905724,0.8599221789883269,0.10733365711510442,0.2648,diversevul,vulberta_devign_local,identifier_renaming,0.0584
5000,236,4288,455,21,0.052166224580017684,0.9182879377431906,0.09872411629366241,0.1382,diversevul,vulberta_devign_local,safe_dead_code_carrier,0.0806
