detector,cwe,pairs,vdcp,mean_score_margin,score_tie_rate,decision_pair_success
VulBERTa-public,CWE606,12,0.75,0.0786504540592432,0.0,0.0
VulBERTa-public,CWE126,11,0.45454545454545453,-0.12161932614716617,0.0,0.09090909090909091
VulBERTa-public,CWE15,11,1.0,0.1988269964402372,0.0,0.0
VulBERTa-public,CWE194,11,0.45454545454545453,-0.1006563925607638,0.0,0.0
VulBERTa-public,CWE563,11,0.45454545454545453,-0.005876714871688323,0.0,0.0
VulBERTa-public,CWE590,11,0.0,-0.17522018978541548,0.0,0.0
VulBERTa-public,CWE591,11,0.6363636363636364,0.07728869400241158,0.0,0.0
VulBERTa-public,CWE680,11,0.09090909090909091,-0.2423533804037354,0.0,0.09090909090909091
VulBERTa-public,CWE775,11,0.6363636363636364,0.00789722732522271,0.0,0.09090909090909091
VulBERTa-public,CWE123,10,0.2,-0.14930444955825806,0.0,0.1
VulBERTa-public,CWE124,10,0.5,-0.11381140351295471,0.0,0.0
VulBERTa-public,CWE415,10,0.2,-0.26036230474710464,0.0,0.1
VulBERTa-public,CWE588,10,0.1,-0.06863956972956657,0.0,0.0
VulBERTa-public,CWE675,10,0.5,-0.07381061874330044,0.0,0.2
VulBERTa-public,CWE690,10,0.3,-0.12305420003831387,0.0,0.0
VulBERTa-public,CWE773,10,0.9,0.052603944391012195,0.0,0.0
VulBERTa-public,CWE78,10,0.9,0.11155212670564651,0.0,0.0
VulBERTa-public,CWE114,9,0.8888888888888888,0.11737409399615394,0.0,0.0
VulBERTa-public,CWE122,9,0.1111111111111111,-0.14407430009709465,0.0,0.0
VulBERTa-public,CWE259,9,0.2222222222222222,-0.04837541530529658,0.0,0.0
VulBERTa-public,CWE400,9,0.7777777777777778,0.13821401198705038,0.0,0.2222222222222222
VulBERTa-public,CWE761,9,0.6666666666666666,0.048901517358091146,0.0,0.1111111111111111
VulBERTa-public,CWE90,9,0.5555555555555556,0.025492402000559702,0.0,0.0
VulBERTa-public,CWE134,8,1.0,0.1883997954428196,0.0,0.0
VulBERTa-public,CWE176,8,0.0,-0.17538823746144772,0.0,0.0
VulBERTa-public,CWE256,8,0.125,-0.19538363628089428,0.0,0.0
VulBERTa-public,CWE319,8,0.75,0.0731028625741601,0.0,0.0
VulBERTa-public,CWE321,8,0.25,-0.18230588547885418,0.0,0.0
VulBERTa-public,CWE401,8,0.5,-0.006592821329832077,0.0,0.0
VulBERTa-public,CWE416,8,0.0,-0.3414937611669302,0.0,0.0
VulBERTa-public,CWE426,8,0.375,-0.021814177744090557,0.0,0.0
VulBERTa-public,CWE457,8,0.0,-0.17235234566032887,0.0,0.0
VulBERTa-public,CWE789,8,0.625,-0.01647233869880438,0.0,0.0
VulBERTa-public,CWE843,8,0.125,-0.16357696568593383,0.0,0.0
VulBERTa-public,CWE121,7,0.2857142857142857,-0.32287740388086866,0.0,0.0
VulBERTa-public,CWE190,7,0.42857142857142855,-0.07908900614295687,0.0,0.0
VulBERTa-public,CWE191,7,0.42857142857142855,0.18929338401981763,0.0,0.2857142857142857
VulBERTa-public,CWE195,7,0.8571428571428571,0.13433056165065085,0.0,0.14285714285714285
VulBERTa-public,CWE197,7,0.42857142857142855,0.0038783997297286987,0.0,0.0
VulBERTa-public,CWE464,7,0.7142857142857143,0.018222980201244354,0.0,0.0
VulBERTa-public,CWE665,7,0.0,-0.37009482617889133,0.0,0.0
VulBERTa-public,CWE427,6,0.6666666666666666,0.09521653006474178,0.0,0.3333333333333333
VulBERTa-public,CWE476,6,0.3333333333333333,-0.28787737029294175,0.0,0.0
VulBERTa-public,CWE369,5,0.8,-0.05075133293867111,0.0,0.0
LineVul-public,CWE606,12,0.9166666666666666,1.2023902324168981e-05,0.0,0.0
LineVul-public,CWE126,11,0.36363636363636365,6.391058129586534e-06,0.0,0.0
LineVul-public,CWE15,11,0.9090909090909091,7.190423275460489e-06,0.0,0.0
LineVul-public,CWE194,11,0.2727272727272727,-1.0279761475182816e-06,0.0,0.0
LineVul-public,CWE563,11,0.09090909090909091,-7.775696014339867e-07,0.0,0.0
LineVul-public,CWE590,11,0.0,-4.4382789962004274e-06,0.0,0.0
LineVul-public,CWE591,11,0.36363636363636365,-1.6939198262248697e-07,0.0,0.0
LineVul-public,CWE680,11,0.8181818181818182,7.596781432022743e-05,0.0,0.0
LineVul-public,CWE775,11,0.09090909090909091,-2.451111454733605e-06,0.0,0.0
LineVul-public,CWE123,10,0.7,3.6675139199360275e-06,0.0,0.0
LineVul-public,CWE124,10,0.1,-1.4427327187149785e-06,0.0,0.0
LineVul-public,CWE415,10,0.1,-4.995079507352785e-07,0.0,0.0
LineVul-public,CWE588,10,0.0,-4.614815225068014e-07,0.0,0.0
LineVul-public,CWE675,10,0.1,-1.5401869859488215e-06,0.0,0.0
LineVul-public,CWE690,10,0.4,-1.088502995116869e-06,0.0,0.0
LineVul-public,CWE773,10,0.2,-1.8930322767118924e-07,0.0,0.0
LineVul-public,CWE78,10,0.9,2.0962708367733286e-05,0.0,0.0
LineVul-public,CWE114,9,0.4444444444444444,-1.3060260041836752e-06,0.0,0.0
LineVul-public,CWE122,9,0.2222222222222222,1.4125200525288366e-07,0.0,0.0
LineVul-public,CWE259,9,0.1111111111111111,-2.653589743001956e-06,0.0,0.0
LineVul-public,CWE400,9,0.2222222222222222,-1.0120772256211947e-05,0.0,0.0
LineVul-public,CWE761,9,0.5555555555555556,7.544027084804839e-05,0.0,0.0
LineVul-public,CWE90,9,0.3333333333333333,-2.1314021473194266e-06,0.0,0.0
LineVul-public,CWE134,8,1.0,2.122046225849772e-05,0.0,0.0
LineVul-public,CWE176,8,0.25,-5.467321670948877e-07,0.0,0.0
LineVul-public,CWE256,8,0.0,-8.83204597812437e-06,0.0,0.0
LineVul-public,CWE319,8,0.875,1.1602666745602619e-05,0.0,0.0
LineVul-public,CWE321,8,0.25,-4.270964382158127e-08,0.0,0.0
LineVul-public,CWE401,8,0.25,-5.948313628323376e-07,0.0,0.0
LineVul-public,CWE416,8,0.25,-1.1088485507571022e-06,0.0,0.0
LineVul-public,CWE426,8,0.0,-3.4285507126696757e-06,0.0,0.0
LineVul-public,CWE457,8,0.25,-2.5246170025639003e-06,0.0,0.0
LineVul-public,CWE789,8,0.375,1.4185523923515575e-05,0.0,0.0
LineVul-public,CWE843,8,0.25,-6.691612952636206e-07,0.0,0.0
LineVul-public,CWE121,7,0.2857142857142857,-2.133115880756772e-08,0.0,0.0
LineVul-public,CWE190,7,0.2857142857142857,-2.347182219507106e-06,0.0,0.0
LineVul-public,CWE191,7,0.7142857142857143,1.4334711002967587e-06,0.0,0.0
LineVul-public,CWE195,7,0.42857142857142855,6.640980765431388e-06,0.0,0.0
LineVul-public,CWE197,7,0.42857142857142855,6.724064535644304e-06,0.0,0.0
LineVul-public,CWE464,7,0.5714285714285714,9.689497996337844e-07,0.0,0.0
LineVul-public,CWE665,7,0.42857142857142855,-5.677325784095696e-09,0.0,0.0
LineVul-public,CWE427,6,1.0,1.9376783257030183e-05,0.0,0.0
LineVul-public,CWE476,6,0.16666666666666666,-2.0795206789140743e-06,0.0,0.0
LineVul-public,CWE369,5,0.2,3.4239899832755326e-06,0.0,0.0
ReGVD-official-validation-calibrated,CWE606,12,0.4166666666666667,-0.012290587027867636,0.0,0.0
ReGVD-official-validation-calibrated,CWE126,11,0.2727272727272727,-0.005759496580470692,0.0,0.0
ReGVD-official-validation-calibrated,CWE15,11,0.09090909090909091,-0.02681810747493397,0.0,0.0
ReGVD-official-validation-calibrated,CWE194,11,0.36363636363636365,-0.01109346476468173,0.0,0.0
ReGVD-official-validation-calibrated,CWE563,11,0.18181818181818182,-0.012907404791225086,0.0,0.0
ReGVD-official-validation-calibrated,CWE590,11,0.36363636363636365,-0.0036117353222586894,0.0,0.0
ReGVD-official-validation-calibrated,CWE591,11,0.18181818181818182,-0.009796635671095415,0.0,0.0
ReGVD-official-validation-calibrated,CWE680,11,0.0,-0.03422915664586154,0.0,0.0
ReGVD-official-validation-calibrated,CWE775,11,0.7272727272727273,0.0003570101477883079,0.0,0.0
ReGVD-official-validation-calibrated,CWE123,10,0.1,-0.010290855169296264,0.0,0.0
ReGVD-official-validation-calibrated,CWE124,10,0.2,-0.0031000524759292603,0.0,0.0
ReGVD-official-validation-calibrated,CWE415,10,0.5,-0.0033860564231872558,0.0,0.0
ReGVD-official-validation-calibrated,CWE588,10,0.6,-0.004389303922653198,0.0,0.0
ReGVD-official-validation-calibrated,CWE675,10,0.4,-0.005566483736038208,0.0,0.0
ReGVD-official-validation-calibrated,CWE690,10,0.3,-0.007237458229064941,0.0,0.0
ReGVD-official-validation-calibrated,CWE773,10,0.4,-0.005173882842063904,0.0,0.0
ReGVD-official-validation-calibrated,CWE78,10,0.5,-0.006337243318557739,0.0,0.0
ReGVD-official-validation-calibrated,CWE114,9,0.6666666666666666,0.0011064509550730388,0.0,0.0
ReGVD-official-validation-calibrated,CWE122,9,0.4444444444444444,-0.0014562937948438856,0.0,0.0
ReGVD-official-validation-calibrated,CWE259,9,0.5555555555555556,4.495514763726128e-05,0.0,0.0
ReGVD-official-validation-calibrated,CWE400,9,0.0,-0.029741588566038344,0.0,0.0
ReGVD-official-validation-calibrated,CWE761,9,0.3333333333333333,-0.0010995732413397895,0.0,0.0
ReGVD-official-validation-calibrated,CWE90,9,0.2222222222222222,-0.015553212828106351,0.0,0.0
ReGVD-official-validation-calibrated,CWE134,8,0.625,-0.005789157003164291,0.0,0.0
ReGVD-official-validation-calibrated,CWE176,8,0.625,-0.0022249072790145874,0.0,0.0
ReGVD-official-validation-calibrated,CWE256,8,0.25,-0.004443425685167313,0.0,0.0
ReGVD-official-validation-calibrated,CWE319,8,0.25,-0.008192077279090881,0.0,0.0
ReGVD-official-validation-calibrated,CWE321,8,0.125,-0.010387681424617767,0.0,0.0
ReGVD-official-validation-calibrated,CWE401,8,0.25,-0.007336519658565521,0.0,0.0
ReGVD-official-validation-calibrated,CWE416,8,0.125,-0.0028279758989810944,0.0,0.0
ReGVD-official-validation-calibrated,CWE426,8,0.375,-0.0023652203381061554,0.0,0.0
ReGVD-official-validation-calibrated,CWE457,8,0.0,-0.012208539992570877,0.0,0.0
ReGVD-official-validation-calibrated,CWE789,8,0.125,-0.025466151535511017,0.0,0.0
ReGVD-official-validation-calibrated,CWE843,8,0.0,-0.004170343279838562,0.0,0.0
ReGVD-official-validation-calibrated,CWE121,7,0.42857142857142855,0.0009819013731820242,0.0,0.0
ReGVD-official-validation-calibrated,CWE190,7,0.2857142857142857,-0.00509671654020037,0.0,0.0
ReGVD-official-validation-calibrated,CWE191,7,0.42857142857142855,-0.006846436432429722,0.0,0.0
ReGVD-official-validation-calibrated,CWE195,7,0.42857142857142855,-0.014568018061774117,0.0,0.0
ReGVD-official-validation-calibrated,CWE197,7,0.5714285714285714,-0.01339179277420044,0.0,0.0
ReGVD-official-validation-calibrated,CWE464,7,0.0,-0.01357574122292655,0.0,0.0
ReGVD-official-validation-calibrated,CWE665,7,0.5714285714285714,-0.0007908216544560023,0.0,0.0
ReGVD-official-validation-calibrated,CWE427,6,0.3333333333333333,-0.011559019486109415,0.0,0.0
ReGVD-official-validation-calibrated,CWE476,6,0.5,-0.0013931244611740112,0.0,0.0
ReGVD-official-validation-calibrated,CWE369,5,0.4,-0.01115732192993164,0.0,0.0
